{
  "hash": "4212a0bb",
  "browserHash": "f453b934",
  "optimized": {
    "@angular/common": {
      "src": "../../../../../node_modules/@angular/common/fesm2022/common.mjs",
      "file": "@angular_common.js",
      "fileHash": "08df5ac4",
      "needsInterop": false
    },
    "@angular/common/http": {
      "src": "../../../../../node_modules/@angular/common/fesm2022/http.mjs",
      "file": "@angular_common_http.js",
      "fileHash": "ede77c01",
      "needsInterop": false
    },
    "@angular/core": {
      "src": "../../../../../node_modules/@angular/core/fesm2022/core.mjs",
      "file": "@angular_core.js",
      "fileHash": "a727136e",
      "needsInterop": false
    },
    "@angular/platform-browser": {
      "src": "../../../../../node_modules/@angular/platform-browser/fesm2022/platform-browser.mjs",
      "file": "@angular_platform-browser.js",
      "fileHash": "a427bdcd",
      "needsInterop": false
    },
    "@angular/router": {
      "src": "../../../../../node_modules/@angular/router/fesm2022/router.mjs",
      "file": "@angular_router.js",
      "fileHash": "4148578d",
      "needsInterop": false
    }
  },
  "chunks": {
    "chunk-3VM4U4AY": {
      "file": "chunk-3VM4U4AY.js"
    },
    "chunk-5HUFVFRM": {
      "file": "chunk-5HUFVFRM.js"
    },
    "chunk-L766OLEG": {
      "file": "chunk-L766OLEG.js"
    },
    "chunk-7JJFYRJ3": {
      "file": "chunk-7JJFYRJ3.js"
    }
  }
}